day,views,estimatedMinutesWatched,averageViewDuration,averageViewPercentage,subscribersGained,subscribersLost,likes,dislikes,comments,shares,refresh_date
2026-08-31,1,0,0,0.0,0,0,0,0,0,0,2026-09-25T06:33:30-07:00
2026-09-03,1,0,0,0.0,0,0,0,0,0,0,2026-09-25T06:33:30-07:00
2026-09-06,1,0,0,0.38,0,0,0,0,0,0,2026-09-25T06:33:30-07:00
2026-09-08,1,0,12,83.22,0,0,0,0,0,0,2026-09-25T06:33:30-07:00
2026-09-14,1,0,0,0.0,0,0,0,0,0,0,2026-09-25T06:33:30-07:00
2026-09-17,1,0,0,0.0,0,0,0,0,0,0,2026-09-25T06:33:30-07:00
2026-09-20,1,0,13,9.98,0,0,0,0,0,0,2026-09-25T06:33:30-07:00
2026-09-21,1,0,0,0.0,0,0,0,0,0,0,2026-09-25T06:33:30-07:00
2026-09-22,1,0,11,74.95,0,0,0,0,0,0,2026-09-25T06:33:30-07:00
