video,from_date_time,to_date_time,refresh_date
HnCU9xjURqk,68,44,39,29.79,1,0,4,2,3,2025-08-28,2026-08-08,2026-08-16T01:36:53-07:00
HnCU9xjURqk,68,44,39,29.79,1,0,4,2,3,2025-08-28,2026-08-08,2026-08-17T01:51:40-07:00
HnCU9xjURqk,68,44,39,29.79,1,0,4,2,3,2025-08-28,2026-08-08,2026-08-18T01:45:09-07:00
HnCU9xjURqk,68,44,39,29.79,1,0,4,2,3,2025-08-28,2026-08-08,2026-08-19T01:45:54-07:00
HnCU9xjURqk,68,44,39,29.79,1,0,4,2,3,2025-08-28,2026-08-08,2026-08-20T01:48:15-07:00
HnCU9xjURqk,68,44,39,29.79,1,0,4,2,3,2025-08-28,2026-08-08,2026-08-21T01:48:56-07:00
HnCU9xjURqk,68,44,39,29.79,1,0,4,2,3,2025-08-28,2026-08-08,2026-08-22T01:37:33-07:00
HnCU9xjURqk,68,44,39,29.79,1,0,4,2,3,2025-08-28,2026-08-08,2026-08-23T01:37:57-07:00
HnCU9xjURqk,68,44,39,29.79,1,0,4,2,3,2025-08-28,2026-08-08,2026-08-24T01:55:45-07:00
__1LeDEl9zA,8008,7403,55,38.51,2,0,6,2,16,2025-08-28,2026-08-22,2026-08-25T01:50:45-07:00
HnCU9xjURqk,68,44,39,29.79,1,0,4,2,3,2025-08-28,2026-08-22,2026-08-25T01:50:45-07:00
__1LeDEl9zA,8008,7403,55,38.51,2,0,6,2,16,2025-08-28,2026-08-22,2026-08-26T01:52:03-07:00
HnCU9xjURqk,68,44,39,29.79,1,0,4,2,3,2025-08-28,2026-08-22,2026-08-26T01:52:03-07:00
__1LeDEl9zA,8008,7403,55,38.51,2,0,6,2,16,2025-08-28,2026-08-22,2026-08-27T12:00:49-07:00
HnCU9xjURqk,68,44,39,29.79,1,0,4,2,3,2025-08-28,2026-08-22,2026-08-27T12:00:49-07:00
__1LeDEl9zA,8008,7403,55,38.51,2,0,6,2,16,2025-08-28,2026-08-22,2026-08-28T13:08:38-07:00
HnCU9xjURqk,68,44,39,29.79,1,0,4,2,3,2025-08-28,2026-08-22,2026-08-28T13:08:38-07:00
__1LeDEl9zA,8008,7403,55,38.51,2,0,6,2,16,2025-08-28,2026-08-22,2026-08-29T06:46:24-07:00
HnCU9xjURqk,68,44,39,29.79,1,0,4,2,3,2025-08-28,2026-08-22,2026-08-29T06:46:24-07:00
__1LeDEl9zA,8008,7403,55,38.51,2,0,6,2,16,2025-08-28,2026-08-22,2026-08-30T06:44:13-07:00
HnCU9xjURqk,68,44,39,29.79,1,0,4,2,3,2025-08-28,2026-08-22,2026-08-30T06:44:13-07:00
__1LeDEl9zA,8008,7403,55,38.51,2,0,6,2,16,2025-08-28,2026-08-22,2026-08-31T09:04:08-07:00
HnCU9xjURqk,68,44,39,29.79,1,0,4,2,3,2025-08-28,2026-08-22,2026-08-31T09:04:08-07:00
__1LeDEl9zA,8008,7403,55,38.51,2,0,6,2,16,2025-08-28,2026-08-22,2026-09-01T06:24:17-07:00
HnCU9xjURqk,68,44,39,29.79,1,0,4,2,3,2025-08-28,2026-08-22,2026-09-01T06:24:17-07:00
__1LeDEl9zA,8008,7403,55,38.51,2,0,6,2,16,2025-08-28,2026-08-22,2026-09-02T05:41:47-07:00
HnCU9xjURqk,68,44,39,29.79,1,0,4,2,3,2025-08-28,2026-08-22,2026-09-02T05:41:47-07:00
