video,from_date_time,to_date_time,refresh_date
HnCU9xjURqk,32,14,27,21.0,1,0,3,0,3,2025-08-28,2025-11-07,2025-11-14T00:34:02-08:00
__1LeDEl9zA,7992,7397,55,38.56,2,0,6,2,16,2025-08-28,2025-11-07,2025-11-14T00:34:02-08:00
UsVD0qAiIVs,127,40,19,127.02,0,0,0,0,1,2025-08-28,2025-11-07,2025-11-14T00:34:02-08:00
sQYBynXKjv4,578,824,85,45.28,2,0,5,0,3,2025-08-28,2025-11-07,2025-11-14T00:34:02-08:00
HnCU9xjURqk,32,14,27,21.0,1,0,3,0,3,2025-08-28,2025-11-07,2025-11-15T00:30:22-08:00
__1LeDEl9zA,7992,7397,55,38.56,2,0,6,2,16,2025-08-28,2025-11-07,2025-11-15T00:30:23-08:00
sQYBynXKjv4,578,824,85,45.28,2,0,5,0,3,2025-08-28,2025-11-07,2025-11-15T00:30:23-08:00
UsVD0qAiIVs,127,40,19,127.02,0,0,0,0,1,2025-08-28,2025-11-07,2025-11-15T00:30:23-08:00
HnCU9xjURqk,32,14,27,21.0,1,0,3,0,3,2025-08-28,2025-11-07,2025-11-16T00:31:41-08:00
__1LeDEl9zA,7992,7397,55,38.56,2,0,6,2,16,2025-08-28,2025-11-07,2025-11-16T00:31:41-08:00
sQYBynXKjv4,578,824,85,45.28,2,0,5,0,3,2025-08-28,2025-11-07,2025-11-16T00:31:42-08:00
UsVD0qAiIVs,127,40,19,127.02,0,0,0,0,1,2025-08-28,2025-11-07,2025-11-16T00:31:42-08:00
HnCU9xjURqk,34,15,26,20.02,1,0,3,0,3,2025-08-28,2025-11-14,2025-11-17T00:37:04-08:00
__1LeDEl9zA,7993,7397,55,38.55,2,0,6,2,16,2025-08-28,2025-11-14,2025-11-17T00:37:04-08:00
sQYBynXKjv4,579,827,85,45.38,2,0,5,0,3,2025-08-28,2025-11-14,2025-11-17T00:37:05-08:00
UsVD0qAiIVs,127,40,19,127.02,0,0,0,0,1,2025-08-28,2025-11-14,2025-11-17T00:37:05-08:00
HnCU9xjURqk,34,15,26,20.02,1,0,3,0,3,2025-08-28,2025-11-14,2025-11-18T00:35:07-08:00
__1LeDEl9zA,7993,7397,55,38.55,2,0,6,2,16,2025-08-28,2025-11-14,2025-11-18T00:35:07-08:00
sQYBynXKjv4,579,827,85,45.38,2,0,5,0,3,2025-08-28,2025-11-14,2025-11-18T00:35:07-08:00
UsVD0qAiIVs,127,40,19,127.02,0,0,0,0,1,2025-08-28,2025-11-14,2025-11-18T00:35:07-08:00
HnCU9xjURqk,36,19,32,24.76,1,0,3,0,3,2025-08-28,2025-11-16,2025-11-19T00:34:52-08:00
__1LeDEl9zA,7994,7397,55,38.55,2,0,6,2,16,2025-08-28,2025-11-16,2025-11-19T00:34:52-08:00
sQYBynXKjv4,579,827,85,45.38,2,0,5,0,3,2025-08-28,2025-11-16,2025-11-19T00:34:52-08:00
UsVD0qAiIVs,127,40,19,127.02,0,0,0,0,1,2025-08-28,2025-11-16,2025-11-19T00:34:52-08:00
HnCU9xjURqk,36,19,32,24.76,1,0,3,0,3,2025-08-28,2025-11-16,2025-11-20T00:36:19-08:00
__1LeDEl9zA,7994,7397,55,38.55,2,0,6,2,16,2025-08-28,2025-11-16,2025-11-20T00:36:19-08:00
sQYBynXKjv4,579,827,85,45.38,2,0,5,0,3,2025-08-28,2025-11-16,2025-11-20T00:36:19-08:00
UsVD0qAiIVs,127,40,19,127.02,0,0,0,0,1,2025-08-28,2025-11-16,2025-11-20T00:36:19-08:00
HnCU9xjURqk,36,19,32,24.76,1,0,3,0,3,2025-08-28,2025-11-18,2025-11-21T00:36:25-08:00
__1LeDEl9zA,7994,7397,55,38.55,2,0,6,2,16,2025-08-28,2025-11-18,2025-11-21T00:36:25-08:00
sQYBynXKjv4,579,827,85,45.38,2,0,5,0,3,2025-08-28,2025-11-18,2025-11-21T00:36:25-08:00
UsVD0qAiIVs,128,40,19,127.25,0,0,0,0,1,2025-08-28,2025-11-18,2025-11-21T00:36:25-08:00
HnCU9xjURqk,36,19,32,24.76,1,0,3,0,3,2025-08-28,2025-11-19,2025-11-22T00:31:37-08:00
__1LeDEl9zA,7994,7397,55,38.55,2,0,6,2,16,2025-08-28,2025-11-19,2025-11-22T00:31:37-08:00
sQYBynXKjv4,580,830,85,45.45,2,0,5,0,3,2025-08-28,2025-11-19,2025-11-22T00:31:38-08:00
UsVD0qAiIVs,128,40,19,127.25,0,0,0,0,1,2025-08-28,2025-11-19,2025-11-22T00:31:38-08:00
HnCU9xjURqk,36,19,32,24.76,1,0,3,0,3,2025-08-28,2025-11-19,2025-11-23T00:32:05-08:00
__1LeDEl9zA,7994,7397,55,38.55,2,0,6,2,16,2025-08-28,2025-11-19,2025-11-23T00:32:05-08:00
UsVD0qAiIVs,128,40,19,127.25,0,0,0,0,1,2025-08-28,2025-11-19,2025-11-23T00:32:05-08:00
sQYBynXKjv4,580,830,85,45.45,2,0,5,0,3,2025-08-28,2025-11-19,2025-11-23T00:32:05-08:00
HnCU9xjURqk,36,19,32,24.76,1,0,3,0,3,2025-08-28,2025-11-19,2025-11-24T00:37:32-08:00
__1LeDEl9zA,7994,7397,55,38.55,2,0,6,2,16,2025-08-28,2025-11-19,2025-11-24T00:37:32-08:00
UsVD0qAiIVs,128,40,19,127.25,0,0,0,0,1,2025-08-28,2025-11-19,2025-11-24T00:37:32-08:00
sQYBynXKjv4,580,830,85,45.45,2,0,5,0,3,2025-08-28,2025-11-19,2025-11-24T00:37:32-08:00
HnCU9xjURqk,36,19,32,24.76,1,0,3,0,3,2025-08-28,2025-11-19,2025-11-25T00:36:28-08:00
__1LeDEl9zA,7994,7397,55,38.55,2,0,6,2,16,2025-08-28,2025-11-19,2025-11-25T00:36:28-08:00
UsVD0qAiIVs,128,40,19,127.25,0,0,0,0,1,2025-08-28,2025-11-19,2025-11-25T00:36:29-08:00
sQYBynXKjv4,580,830,85,45.45,2,0,5,0,3,2025-08-28,2025-11-19,2025-11-25T00:36:29-08:00
HnCU9xjURqk,36,19,32,24.76,1,0,3,0,3,2025-08-28,2025-11-19,2025-11-26T00:35:49-08:00
__1LeDEl9zA,7994,7397,55,38.55,2,0,6,2,16,2025-08-28,2025-11-19,2025-11-26T00:35:50-08:00
UsVD0qAiIVs,128,40,19,127.25,0,0,0,0,1,2025-08-28,2025-11-19,2025-11-26T00:35:50-08:00
sQYBynXKjv4,580,830,85,45.45,2,0,5,0,3,2025-08-28,2025-11-19,2025-11-26T00:35:50-08:00
HnCU9xjURqk,36,19,32,24.76,1,0,3,0,3,2025-08-28,2025-11-19,2025-11-27T00:36:17-08:00
__1LeDEl9zA,7994,7397,55,38.55,2,0,6,2,16,2025-08-28,2025-11-19,2025-11-27T00:36:17-08:00
UsVD0qAiIVs,128,40,19,127.25,0,0,0,0,1,2025-08-28,2025-11-19,2025-11-27T00:36:17-08:00
sQYBynXKjv4,580,830,85,45.45,2,0,5,0,3,2025-08-28,2025-11-19,2025-11-27T00:36:18-08:00
HnCU9xjURqk,36,19,32,24.76,1,0,3,0,3,2025-08-28,2025-11-25,2025-11-28T00:36:13-08:00
__1LeDEl9zA,7995,7397,55,38.54,2,0,6,2,16,2025-08-28,2025-11-25,2025-11-28T00:36:13-08:00
UsVD0qAiIVs,129,40,19,126.75,0,0,0,0,1,2025-08-28,2025-11-25,2025-11-28T00:36:13-08:00
sQYBynXKjv4,581,830,85,45.38,2,0,5,0,3,2025-08-28,2025-11-25,2025-11-28T00:36:13-08:00
HnCU9xjURqk,36,19,32,24.76,1,0,3,0,3,2025-08-28,2025-11-25,2025-11-29T00:33:24-08:00
__1LeDEl9zA,7995,7397,55,38.54,2,0,6,2,16,2025-08-28,2025-11-25,2025-11-29T00:33:24-08:00
UsVD0qAiIVs,129,40,19,126.75,0,0,0,0,1,2025-08-28,2025-11-25,2025-11-29T00:33:24-08:00
sQYBynXKjv4,581,830,85,45.38,2,0,5,0,3,2025-08-28,2025-11-25,2025-11-29T00:33:25-08:00
HnCU9xjURqk,36,19,32,24.76,1,0,3,0,3,2025-08-28,2025-11-25,2025-11-30T00:31:20-08:00
UsVD0qAiIVs,129,40,19,126.75,0,0,0,0,1,2025-08-28,2025-11-25,2025-11-30T00:31:20-08:00
__1LeDEl9zA,7995,7397,55,38.54,2,0,6,2,16,2025-08-28,2025-11-25,2025-11-30T00:31:21-08:00
sQYBynXKjv4,581,830,85,45.38,2,0,5,0,3,2025-08-28,2025-11-25,2025-11-30T00:31:21-08:00
HnCU9xjURqk,36,19,32,24.76,1,0,3,0,3,2025-08-28,2025-11-25,2025-12-01T00:39:28-08:00
UsVD0qAiIVs,129,40,19,126.75,0,0,0,0,1,2025-08-28,2025-11-25,2025-12-01T00:39:28-08:00
__1LeDEl9zA,7995,7397,55,38.54,2,0,6,2,16,2025-08-28,2025-11-25,2025-12-01T00:39:28-08:00
sQYBynXKjv4,581,830,85,45.38,2,0,5,0,3,2025-08-28,2025-11-25,2025-12-01T00:39:28-08:00
HnCU9xjURqk,36,19,32,24.76,1,0,3,0,3,2025-08-28,2025-11-29,2025-12-02T00:38:38-08:00
__1LeDEl9zA,7996,7397,55,38.54,2,0,6,2,16,2025-08-28,2025-11-29,2025-12-02T00:38:38-08:00
sQYBynXKjv4,581,830,85,45.38,2,0,5,0,3,2025-08-28,2025-11-29,2025-12-02T00:38:39-08:00
UsVD0qAiIVs,129,40,19,126.75,0,0,0,0,1,2025-08-28,2025-11-29,2025-12-02T00:38:39-08:00
HnCU9xjURqk,36,19,32,24.76,1,0,3,0,3,2025-08-28,2025-11-29,2025-12-03T00:39:14-08:00
__1LeDEl9zA,7996,7397,55,38.54,2,0,6,2,16,2025-08-28,2025-11-29,2025-12-03T00:39:14-08:00
sQYBynXKjv4,581,830,85,45.38,2,0,5,0,3,2025-08-28,2025-11-29,2025-12-03T00:39:14-08:00
UsVD0qAiIVs,129,40,19,126.75,0,0,0,0,1,2025-08-28,2025-11-29,2025-12-03T00:39:15-08:00
HnCU9xjURqk,36,19,32,24.76,1,0,3,0,3,2025-08-28,2025-11-29,2025-12-04T00:37:43-08:00
__1LeDEl9zA,7996,7397,55,38.54,2,0,6,2,16,2025-08-28,2025-11-29,2025-12-04T00:37:43-08:00
sQYBynXKjv4,581,830,85,45.38,2,0,5,0,3,2025-08-28,2025-11-29,2025-12-04T00:37:43-08:00
UsVD0qAiIVs,129,40,19,126.75,0,0,0,0,1,2025-08-28,2025-11-29,2025-12-04T00:37:43-08:00
HnCU9xjURqk,36,19,32,24.76,1,0,3,0,3,2025-08-28,2025-12-02,2025-12-05T00:36:17-08:00
__1LeDEl9zA,7996,7397,55,38.54,2,0,6,2,16,2025-08-28,2025-12-02,2025-12-05T00:36:17-08:00
sQYBynXKjv4,582,830,85,45.3,2,0,5,0,3,2025-08-28,2025-12-02,2025-12-05T00:36:17-08:00
UsVD0qAiIVs,129,40,19,126.75,0,0,0,0,1,2025-08-28,2025-12-02,2025-12-05T00:36:17-08:00
HnCU9xjURqk,37,21,35,26.789999999999996,1,0,3,0,3,2025-08-28,2025-12-03,2025-12-06T00:32:57-08:00
__1LeDEl9zA,7996,7397,55,38.54,2,0,6,2,16,2025-08-28,2025-12-03,2025-12-06T00:32:58-08:00
sQYBynXKjv4,582,830,85,45.3,2,0,5,0,3,2025-08-28,2025-12-03,2025-12-06T00:32:58-08:00
UsVD0qAiIVs,129,40,19,126.75,0,0,0,0,1,2025-08-28,2025-12-03,2025-12-06T00:32:58-08:00
HnCU9xjURqk,37,21,35,26.789999999999996,1,0,3,0,3,2025-08-28,2025-12-03,2025-12-07T00:32:12-08:00
__1LeDEl9zA,7996,7397,55,38.54,2,0,6,2,16,2025-08-28,2025-12-03,2025-12-07T00:32:12-08:00
sQYBynXKjv4,582,830,85,45.3,2,0,5,0,3,2025-08-28,2025-12-03,2025-12-07T00:32:12-08:00
UsVD0qAiIVs,129,40,19,126.75,0,0,0,0,1,2025-08-28,2025-12-03,2025-12-07T00:32:12-08:00
HnCU9xjURqk,37,21,35,26.789999999999996,1,0,3,0,3,2025-08-28,2025-12-03,2025-12-08T00:39:34-08:00
__1LeDEl9zA,7996,7397,55,38.54,2,0,6,2,16,2025-08-28,2025-12-03,2025-12-08T00:39:34-08:00
sQYBynXKjv4,582,830,85,45.3,2,0,5,0,3,2025-08-28,2025-12-03,2025-12-08T00:39:34-08:00
UsVD0qAiIVs,129,40,19,126.75,0,0,0,0,1,2025-08-28,2025-12-03,2025-12-08T00:39:34-08:00
HnCU9xjURqk,38,23,37,27.940000000000005,1,0,3,2,3,2025-08-28,2025-12-06,2025-12-09T00:38:35-08:00
__1LeDEl9zA,7996,7397,55,38.54,2,0,6,2,16,2025-08-28,2025-12-06,2025-12-09T00:38:35-08:00
sQYBynXKjv4,582,830,85,45.3,2,0,5,0,3,2025-08-28,2025-12-06,2025-12-09T00:38:36-08:00
UsVD0qAiIVs,129,40,19,126.75,0,0,0,0,1,2025-08-28,2025-12-06,2025-12-09T00:38:36-08:00
HnCU9xjURqk,38,23,37,27.940000000000005,1,0,3,2,3,2025-08-28,2025-12-06,2025-12-10T00:37:43-08:00
__1LeDEl9zA,7996,7397,55,38.54,2,0,6,2,16,2025-08-28,2025-12-06,2025-12-10T00:37:43-08:00
sQYBynXKjv4,582,830,85,45.3,2,0,5,0,3,2025-08-28,2025-12-06,2025-12-10T00:37:44-08:00
UsVD0qAiIVs,129,40,19,126.75,0,0,0,0,1,2025-08-28,2025-12-06,2025-12-10T00:37:44-08:00
HnCU9xjURqk,38,23,37,27.940000000000005,1,0,3,2,3,2025-08-28,2025-12-06,2025-12-11T00:38:10-08:00
__1LeDEl9zA,7996,7397,55,38.54,2,0,6,2,16,2025-08-28,2025-12-06,2025-12-11T00:38:10-08:00
sQYBynXKjv4,582,830,85,45.3,2,0,5,0,3,2025-08-28,2025-12-06,2025-12-11T00:38:10-08:00
UsVD0qAiIVs,129,40,19,126.75,0,0,0,0,1,2025-08-28,2025-12-06,2025-12-11T00:38:11-08:00
HnCU9xjURqk,38,23,37,27.940000000000005,1,0,3,2,3,2025-08-28,2025-12-06,2025-12-12T00:38:16-08:00
__1LeDEl9zA,7996,7397,55,38.54,2,0,6,2,16,2025-08-28,2025-12-06,2025-12-12T00:38:16-08:00
sQYBynXKjv4,582,830,85,45.3,2,0,5,0,3,2025-08-28,2025-12-06,2025-12-12T00:38:16-08:00
UsVD0qAiIVs,129,40,19,126.75,0,0,0,0,1,2025-08-28,2025-12-06,2025-12-12T00:38:16-08:00
HnCU9xjURqk,38,23,37,27.940000000000005,1,0,3,2,3,2025-08-28,2025-12-06,2025-12-13T00:33:12-08:00
__1LeDEl9zA,7996,7397,55,38.54,2,0,6,2,16,2025-08-28,2025-12-06,2025-12-13T00:33:12-08:00
sQYBynXKjv4,582,830,85,45.3,2,0,5,0,3,2025-08-28,2025-12-06,2025-12-13T00:33:12-08:00
UsVD0qAiIVs,129,40,19,126.75,0,0,0,0,1,2025-08-28,2025-12-06,2025-12-13T00:33:12-08:00
HnCU9xjURqk,38,23,37,27.940000000000005,1,0,3,2,3,2025-08-28,2025-12-11,2025-12-14T00:33:46-08:00
__1LeDEl9zA,7996,7397,55,38.54,2,0,6,2,16,2025-08-28,2025-12-11,2025-12-14T00:33:46-08:00
sQYBynXKjv4,582,830,85,45.3,2,0,5,0,3,2025-08-28,2025-12-11,2025-12-14T00:33:47-08:00
UsVD0qAiIVs,130,41,18,126.49999999999999,0,0,0,0,1,2025-08-28,2025-12-11,2025-12-14T00:33:47-08:00
HnCU9xjURqk,38,23,37,27.940000000000005,1,0,3,2,3,2025-08-28,2025-12-11,2025-12-15T00:41:07-08:00
__1LeDEl9zA,7996,7397,55,38.54,2,0,6,2,16,2025-08-28,2025-12-11,2025-12-15T00:41:07-08:00
sQYBynXKjv4,582,830,85,45.3,2,0,5,0,3,2025-08-28,2025-12-11,2025-12-15T00:41:07-08:00
UsVD0qAiIVs,130,41,18,126.49999999999999,0,0,0,0,1,2025-08-28,2025-12-11,2025-12-15T00:41:08-08:00
HnCU9xjURqk,38,23,37,27.940000000000005,1,0,3,2,3,2025-08-28,2025-12-13,2025-12-16T00:39:35-08:00
__1LeDEl9zA,7997,7399,55,38.54,2,0,6,2,16,2025-08-28,2025-12-13,2025-12-16T00:39:36-08:00
sQYBynXKjv4,582,830,85,45.3,2,0,5,0,3,2025-08-28,2025-12-13,2025-12-16T00:39:36-08:00
UsVD0qAiIVs,130,41,18,126.49999999999999,0,0,0,0,1,2025-08-28,2025-12-13,2025-12-16T00:39:36-08:00
HnCU9xjURqk,38,23,37,27.940000000000005,1,0,3,2,3,2025-08-28,2025-12-13,2025-12-17T00:39:13-08:00
__1LeDEl9zA,7997,7399,55,38.54,2,0,6,2,16,2025-08-28,2025-12-13,2025-12-17T00:39:14-08:00
UsVD0qAiIVs,130,41,18,126.49999999999999,0,0,0,0,1,2025-08-28,2025-12-13,2025-12-17T00:39:14-08:00
sQYBynXKjv4,582,830,85,45.3,2,0,5,0,3,2025-08-28,2025-12-13,2025-12-17T00:39:14-08:00
